Name,County Code,Enabled
101,227,TRUE
102,227,TRUE
103,227,TRUE
104,227,TRUE
105,227,TRUE
106,227,TRUE
107,227,TRUE
108,227,TRUE
109,227,TRUE
110,227,TRUE
111,227,TRUE
112,227,TRUE
113,227,TRUE
114,227,TRUE
115,227,TRUE
116,227,TRUE
117,227,TRUE
118,227,TRUE
119,227,TRUE
120,227,TRUE
121,227,TRUE
122,227,TRUE
123,227,TRUE
124,227,TRUE
125,227,TRUE
126,227,TRUE
127,227,TRUE
128,227,TRUE
129,227,TRUE
130,227,TRUE
131,227,TRUE
132,227,TRUE
133,227,TRUE
134,227,TRUE
135,227,TRUE
136,227,TRUE
137,227,TRUE
138,227,TRUE
139,227,TRUE
140,227,TRUE
141,227,TRUE
142,227,TRUE
143,227,TRUE
144,227,TRUE
145,227,TRUE
146,227,TRUE
147,227,TRUE
148,227,TRUE
149,227,TRUE
150,227,TRUE
151,227,TRUE
152,227,TRUE
153,227,TRUE
154,227,TRUE
155,227,TRUE
156,227,TRUE
157,227,TRUE
158,227,TRUE
159,227,TRUE
160,227,TRUE
161,227,TRUE
162,227,TRUE
163,227,TRUE
164,227,TRUE
200,227,TRUE
202,227,TRUE
203,227,TRUE
205,227,TRUE
206,227,TRUE
207,227,TRUE
208,227,TRUE
209,227,TRUE
210,227,TRUE
211,227,TRUE
212,227,TRUE
213,227,TRUE
214,227,TRUE
215,227,TRUE
216,227,TRUE
217,227,TRUE
218,227,TRUE
219,227,TRUE
220,227,TRUE
221,227,TRUE
222,227,TRUE
223,227,TRUE
224,227,TRUE
225,227,TRUE
226,227,TRUE
227,227,TRUE
228,227,TRUE
229,227,TRUE
231,227,TRUE
232,227,TRUE
233,227,TRUE
234,227,TRUE
235,227,TRUE
236,227,TRUE
237,227,TRUE
238,227,TRUE
239,227,TRUE
240,227,TRUE
241,227,TRUE
242,227,TRUE
243,227,TRUE
244,227,TRUE
245,227,TRUE
246,227,TRUE
247,227,TRUE
248,227,TRUE
249,227,TRUE
250,227,TRUE
251,227,TRUE
252,227,TRUE
253,227,TRUE
254,227,TRUE
256,227,TRUE
258,227,TRUE
259,227,TRUE
260,227,TRUE
262,227,TRUE
263,227,TRUE
266,227,TRUE
267,227,TRUE
268,227,TRUE
273,227,TRUE
274,227,TRUE
275,227,TRUE
277,227,TRUE
301,227,TRUE
302,227,TRUE
303,227,TRUE
304,227,TRUE
305,227,TRUE
306,227,TRUE
307,227,TRUE
308,227,TRUE
309,227,TRUE
310,227,TRUE
311,227,TRUE
312,227,TRUE
313,227,TRUE
314,227,TRUE
315,227,TRUE
316,227,TRUE
317,227,TRUE
318,227,TRUE
319,227,TRUE
320,227,TRUE
321,227,TRUE
323,227,TRUE
324,227,TRUE
325,227,TRUE
326,227,TRUE
327,227,TRUE
328,227,TRUE
329,227,TRUE
330,227,TRUE
331,227,TRUE
332,227,TRUE
333,227,TRUE
334,227,TRUE
335,227,TRUE
336,227,TRUE
337,227,TRUE
338,227,TRUE
339,227,TRUE
340,227,TRUE
341,227,TRUE
342,227,TRUE
343,227,TRUE
344,227,TRUE
345,227,TRUE
346,227,TRUE
347,227,TRUE
349,227,TRUE
350,227,TRUE
351,227,TRUE
352,227,TRUE
354,227,TRUE
356,227,TRUE
357,227,TRUE
358,227,TRUE
359,227,TRUE
360,227,TRUE
361,227,TRUE
362,227,TRUE
363,227,TRUE
364,227,TRUE
365,227,TRUE
366,227,TRUE
367,227,TRUE
368,227,TRUE
369,227,TRUE
370,227,TRUE
371,227,TRUE
372,227,TRUE
373,227,TRUE
374,227,TRUE
375,227,TRUE
401,227,TRUE
402,227,TRUE
403,227,TRUE
404,227,TRUE
405,227,TRUE
406,227,TRUE
407,227,TRUE
408,227,TRUE
409,227,TRUE
410,227,TRUE
411,227,TRUE
412,227,TRUE
413,227,TRUE
414,227,TRUE
415,227,TRUE
416,227,TRUE
417,227,TRUE
418,227,TRUE
419,227,TRUE
420,227,TRUE
421,227,TRUE
422,227,TRUE
423,227,TRUE
424,227,TRUE
425,227,TRUE
426,227,TRUE
427,227,TRUE
428,227,TRUE
429,227,TRUE
430,227,TRUE
431,227,TRUE
432,227,TRUE
433,227,TRUE
434,227,TRUE
435,227,TRUE
436,227,TRUE
437,227,TRUE
438,227,TRUE
439,227,TRUE
440,227,TRUE
441,227,TRUE
442,227,TRUE
443,227,TRUE
444,227,TRUE
446,227,TRUE
447,227,TRUE
448,227,TRUE
450,227,TRUE
451,227,TRUE
452,227,TRUE
454,227,TRUE
458,227,TRUE
460,227,TRUE
461,227,TRUE
463,227,TRUE